{"cameraMode":{"drawMode":0,"name":"Shaded","section":"Shading Mode"},"sceneLighting":true,"audioPlay":false,"sceneViewState":{"showFog":true,"showMaterialUpdate":false,"showSkybox":true,"showFlares":true,"showImageEffects":true,"showParticleSystems":true},"in2DMode":false,"pivot":{"x":48.416404724121097,"y":1.156462550163269,"z":-100.56458282470703},"rotation":{"x":0.11031965911388397,"y":-0.6329211592674255,"z":0.09177554398775101,"w":0.7608045935630798},"size":3.2912304401397707,"orthographic":false}