{"cameraMode":{"drawMode":0,"name":"Shaded","section":"Shading Mode"},"sceneLighting":true,"audioPlay":false,"sceneViewState":{"showFog":true,"showMaterialUpdate":false,"showSkybox":true,"showFlares":true,"showImageEffects":true,"showParticleSystems":true},"in2DMode":false,"pivot":{"x":4.069609642028809,"y":3.6085152626037599,"z":11.851457595825196},"rotation":{"x":-0.03540367633104324,"y":0.962574303150177,"z":-0.21910399198532105,"w":-0.15553641319274903},"size":8.286415100097657,"orthographic":false}